Protein target g,kcal/day,Diet,Option,Avg kcal,Avg protein g,Lowest day protein g,File
50,1200,Vegetarian,1,1218,53,49,050g-Protein/50g-Protein-Vegetarian-1200-kcal-Option-1.pdf
50,1200,Vegetarian,2,1212,55,50,050g-Protein/50g-Protein-Vegetarian-1200-kcal-Option-2.pdf
50,1200,Vegetarian,3,1217,56,50,050g-Protein/50g-Protein-Vegetarian-1200-kcal-Option-3.pdf
50,1200,Vegetarian,4,1207,54,50,050g-Protein/50g-Protein-Vegetarian-1200-kcal-Option-4.pdf
50,1200,Vegetarian,5,1215,57,51,050g-Protein/50g-Protein-Vegetarian-1200-kcal-Option-5.pdf
50,1200,Vegan,1,1211,50,49,050g-Protein/50g-Protein-Vegan-1200-kcal-Option-1.pdf
50,1200,Vegan,2,1230,52,49,050g-Protein/50g-Protein-Vegan-1200-kcal-Option-2.pdf
50,1200,Vegan,3,1215,53,50,050g-Protein/50g-Protein-Vegan-1200-kcal-Option-3.pdf
50,1200,Vegan,4,1229,51,49,050g-Protein/50g-Protein-Vegan-1200-kcal-Option-4.pdf
50,1200,Vegan,5,1213,54,50,050g-Protein/50g-Protein-Vegan-1200-kcal-Option-5.pdf
50,1200,Eggetarian,1,1207,54,49,050g-Protein/50g-Protein-Eggetarian-1200-kcal-Option-1.pdf
50,1200,Eggetarian,2,1206,53,49,050g-Protein/50g-Protein-Eggetarian-1200-kcal-Option-2.pdf
50,1200,Eggetarian,3,1213,56,49,050g-Protein/50g-Protein-Eggetarian-1200-kcal-Option-3.pdf
50,1200,Eggetarian,4,1208,55,49,050g-Protein/50g-Protein-Eggetarian-1200-kcal-Option-4.pdf
50,1200,Eggetarian,5,1204,55,49,050g-Protein/50g-Protein-Eggetarian-1200-kcal-Option-5.pdf
50,1200,Non-Vegetarian,1,1212,55,52,050g-Protein/50g-Protein-Non-Vegetarian-1200-kcal-Option-1.pdf
50,1200,Non-Vegetarian,2,1203,55,49,050g-Protein/50g-Protein-Non-Vegetarian-1200-kcal-Option-2.pdf
50,1200,Non-Vegetarian,3,1209,56,51,050g-Protein/50g-Protein-Non-Vegetarian-1200-kcal-Option-3.pdf
50,1200,Non-Vegetarian,4,1208,55,50,050g-Protein/50g-Protein-Non-Vegetarian-1200-kcal-Option-4.pdf
50,1200,Non-Vegetarian,5,1208,54,50,050g-Protein/50g-Protein-Non-Vegetarian-1200-kcal-Option-5.pdf
55,1250,Vegetarian,1,1267,59,55,055g-Protein/55g-Protein-Vegetarian-1250-kcal-Option-1.pdf
55,1250,Vegetarian,2,1263,59,56,055g-Protein/55g-Protein-Vegetarian-1250-kcal-Option-2.pdf
55,1250,Vegetarian,3,1259,59,55,055g-Protein/55g-Protein-Vegetarian-1250-kcal-Option-3.pdf
55,1250,Vegetarian,4,1263,59,55,055g-Protein/55g-Protein-Vegetarian-1250-kcal-Option-4.pdf
55,1250,Vegetarian,5,1255,59,55,055g-Protein/55g-Protein-Vegetarian-1250-kcal-Option-5.pdf
55,1250,Vegan,1,1268,58,54,055g-Protein/55g-Protein-Vegan-1250-kcal-Option-1.pdf
55,1250,Vegan,2,1265,57,54,055g-Protein/55g-Protein-Vegan-1250-kcal-Option-2.pdf
55,1250,Vegan,3,1267,58,53,055g-Protein/55g-Protein-Vegan-1250-kcal-Option-3.pdf
55,1250,Vegan,4,1273,58,54,055g-Protein/55g-Protein-Vegan-1250-kcal-Option-4.pdf
55,1250,Vegan,5,1255,58,54,055g-Protein/55g-Protein-Vegan-1250-kcal-Option-5.pdf
55,1250,Eggetarian,1,1256,58,54,055g-Protein/55g-Protein-Eggetarian-1250-kcal-Option-1.pdf
55,1250,Eggetarian,2,1252,59,54,055g-Protein/55g-Protein-Eggetarian-1250-kcal-Option-2.pdf
55,1250,Eggetarian,3,1251,57,55,055g-Protein/55g-Protein-Eggetarian-1250-kcal-Option-3.pdf
55,1250,Eggetarian,4,1267,60,56,055g-Protein/55g-Protein-Eggetarian-1250-kcal-Option-4.pdf
55,1250,Eggetarian,5,1260,59,56,055g-Protein/55g-Protein-Eggetarian-1250-kcal-Option-5.pdf
55,1250,Non-Vegetarian,1,1254,57,53,055g-Protein/55g-Protein-Non-Vegetarian-1250-kcal-Option-1.pdf
55,1250,Non-Vegetarian,2,1257,59,54,055g-Protein/55g-Protein-Non-Vegetarian-1250-kcal-Option-2.pdf
55,1250,Non-Vegetarian,3,1261,61,58,055g-Protein/55g-Protein-Non-Vegetarian-1250-kcal-Option-3.pdf
55,1250,Non-Vegetarian,4,1265,60,55,055g-Protein/55g-Protein-Non-Vegetarian-1250-kcal-Option-4.pdf
55,1250,Non-Vegetarian,5,1257,60,56,055g-Protein/55g-Protein-Non-Vegetarian-1250-kcal-Option-5.pdf
60,1350,Vegetarian,1,1363,65,61,060g-Protein/60g-Protein-Vegetarian-1350-kcal-Option-1.pdf
60,1350,Vegetarian,2,1341,63,60,060g-Protein/60g-Protein-Vegetarian-1350-kcal-Option-2.pdf
60,1350,Vegetarian,3,1347,63,60,060g-Protein/60g-Protein-Vegetarian-1350-kcal-Option-3.pdf
60,1350,Vegetarian,4,1352,62,60,060g-Protein/60g-Protein-Vegetarian-1350-kcal-Option-4.pdf
60,1350,Vegetarian,5,1360,63,58,060g-Protein/60g-Protein-Vegetarian-1350-kcal-Option-5.pdf
60,1350,Vegan,1,1361,63,59,060g-Protein/60g-Protein-Vegan-1350-kcal-Option-1.pdf
60,1350,Vegan,2,1356,61,59,060g-Protein/60g-Protein-Vegan-1350-kcal-Option-2.pdf
60,1350,Vegan,3,1349,62,58,060g-Protein/60g-Protein-Vegan-1350-kcal-Option-3.pdf
60,1350,Vegan,4,1357,63,58,060g-Protein/60g-Protein-Vegan-1350-kcal-Option-4.pdf
60,1350,Vegan,5,1355,62,59,060g-Protein/60g-Protein-Vegan-1350-kcal-Option-5.pdf
60,1350,Eggetarian,1,1355,63,60,060g-Protein/60g-Protein-Eggetarian-1350-kcal-Option-1.pdf
60,1350,Eggetarian,2,1347,63,61,060g-Protein/60g-Protein-Eggetarian-1350-kcal-Option-2.pdf
60,1350,Eggetarian,3,1358,63,59,060g-Protein/60g-Protein-Eggetarian-1350-kcal-Option-3.pdf
60,1350,Eggetarian,4,1356,63,58,060g-Protein/60g-Protein-Eggetarian-1350-kcal-Option-4.pdf
60,1350,Eggetarian,5,1350,65,62,060g-Protein/60g-Protein-Eggetarian-1350-kcal-Option-5.pdf
60,1350,Non-Vegetarian,1,1363,64,59,060g-Protein/60g-Protein-Non-Vegetarian-1350-kcal-Option-1.pdf
60,1350,Non-Vegetarian,2,1359,63,60,060g-Protein/60g-Protein-Non-Vegetarian-1350-kcal-Option-2.pdf
60,1350,Non-Vegetarian,3,1341,64,60,060g-Protein/60g-Protein-Non-Vegetarian-1350-kcal-Option-3.pdf
60,1350,Non-Vegetarian,4,1340,63,60,060g-Protein/60g-Protein-Non-Vegetarian-1350-kcal-Option-4.pdf
60,1350,Non-Vegetarian,5,1360,65,62,060g-Protein/60g-Protein-Non-Vegetarian-1350-kcal-Option-5.pdf
65,1450,Vegetarian,1,1465,69,65,065g-Protein/65g-Protein-Vegetarian-1450-kcal-Option-1.pdf
65,1450,Vegetarian,2,1448,66,63,065g-Protein/65g-Protein-Vegetarian-1450-kcal-Option-2.pdf
65,1450,Vegetarian,3,1444,68,64,065g-Protein/65g-Protein-Vegetarian-1450-kcal-Option-3.pdf
65,1450,Vegetarian,4,1448,69,63,065g-Protein/65g-Protein-Vegetarian-1450-kcal-Option-4.pdf
65,1450,Vegetarian,5,1444,67,65,065g-Protein/65g-Protein-Vegetarian-1450-kcal-Option-5.pdf
65,1450,Vegan,1,1446,67,63,065g-Protein/65g-Protein-Vegan-1450-kcal-Option-1.pdf
65,1450,Vegan,2,1460,66,63,065g-Protein/65g-Protein-Vegan-1450-kcal-Option-2.pdf
65,1450,Vegan,3,1460,67,63,065g-Protein/65g-Protein-Vegan-1450-kcal-Option-3.pdf
65,1450,Vegan,4,1452,68,66,065g-Protein/65g-Protein-Vegan-1450-kcal-Option-4.pdf
65,1450,Vegan,5,1462,67,63,065g-Protein/65g-Protein-Vegan-1450-kcal-Option-5.pdf
65,1450,Eggetarian,1,1444,67,63,065g-Protein/65g-Protein-Eggetarian-1450-kcal-Option-1.pdf
65,1450,Eggetarian,2,1444,68,64,065g-Protein/65g-Protein-Eggetarian-1450-kcal-Option-2.pdf
65,1450,Eggetarian,3,1447,70,65,065g-Protein/65g-Protein-Eggetarian-1450-kcal-Option-3.pdf
65,1450,Eggetarian,4,1450,66,63,065g-Protein/65g-Protein-Eggetarian-1450-kcal-Option-4.pdf
65,1450,Eggetarian,5,1455,70,65,065g-Protein/65g-Protein-Eggetarian-1450-kcal-Option-5.pdf
65,1450,Non-Vegetarian,1,1447,67,63,065g-Protein/65g-Protein-Non-Vegetarian-1450-kcal-Option-1.pdf
65,1450,Non-Vegetarian,2,1453,71,64,065g-Protein/65g-Protein-Non-Vegetarian-1450-kcal-Option-2.pdf
65,1450,Non-Vegetarian,3,1454,69,65,065g-Protein/65g-Protein-Non-Vegetarian-1450-kcal-Option-3.pdf
65,1450,Non-Vegetarian,4,1459,67,63,065g-Protein/65g-Protein-Non-Vegetarian-1450-kcal-Option-4.pdf
65,1450,Non-Vegetarian,5,1470,70,65,065g-Protein/65g-Protein-Non-Vegetarian-1450-kcal-Option-5.pdf
70,1500,Vegetarian,1,1487,73,70,070g-Protein/70g-Protein-Vegetarian-1500-kcal-Option-1.pdf
70,1500,Vegetarian,2,1505,72,68,070g-Protein/70g-Protein-Vegetarian-1500-kcal-Option-2.pdf
70,1500,Vegetarian,3,1503,72,69,070g-Protein/70g-Protein-Vegetarian-1500-kcal-Option-3.pdf
70,1500,Vegetarian,4,1499,72,69,070g-Protein/70g-Protein-Vegetarian-1500-kcal-Option-4.pdf
70,1500,Vegetarian,5,1505,71,69,070g-Protein/70g-Protein-Vegetarian-1500-kcal-Option-5.pdf
70,1500,Vegan,1,1510,72,69,070g-Protein/70g-Protein-Vegan-1500-kcal-Option-1.pdf
70,1500,Vegan,2,1521,72,69,070g-Protein/70g-Protein-Vegan-1500-kcal-Option-2.pdf
70,1500,Vegan,3,1490,71,68,070g-Protein/70g-Protein-Vegan-1500-kcal-Option-3.pdf
70,1500,Vegan,4,1499,72,69,070g-Protein/70g-Protein-Vegan-1500-kcal-Option-4.pdf
70,1500,Vegan,5,1486,71,69,070g-Protein/70g-Protein-Vegan-1500-kcal-Option-5.pdf
70,1500,Eggetarian,1,1499,70,68,070g-Protein/70g-Protein-Eggetarian-1500-kcal-Option-1.pdf
70,1500,Eggetarian,2,1503,73,69,070g-Protein/70g-Protein-Eggetarian-1500-kcal-Option-2.pdf
70,1500,Eggetarian,3,1502,73,68,070g-Protein/70g-Protein-Eggetarian-1500-kcal-Option-3.pdf
70,1500,Eggetarian,4,1510,74,69,070g-Protein/70g-Protein-Eggetarian-1500-kcal-Option-4.pdf
70,1500,Eggetarian,5,1502,74,71,070g-Protein/70g-Protein-Eggetarian-1500-kcal-Option-5.pdf
70,1500,Non-Vegetarian,1,1491,74,69,070g-Protein/70g-Protein-Non-Vegetarian-1500-kcal-Option-1.pdf
70,1500,Non-Vegetarian,2,1502,75,68,070g-Protein/70g-Protein-Non-Vegetarian-1500-kcal-Option-2.pdf
70,1500,Non-Vegetarian,3,1499,77,69,070g-Protein/70g-Protein-Non-Vegetarian-1500-kcal-Option-3.pdf
70,1500,Non-Vegetarian,4,1500,76,69,070g-Protein/70g-Protein-Non-Vegetarian-1500-kcal-Option-4.pdf
70,1500,Non-Vegetarian,5,1483,73,69,070g-Protein/70g-Protein-Non-Vegetarian-1500-kcal-Option-5.pdf
75,1600,Vegetarian,1,1609,78,73,075g-Protein/75g-Protein-Vegetarian-1600-kcal-Option-1.pdf
75,1600,Vegetarian,2,1595,77,74,075g-Protein/75g-Protein-Vegetarian-1600-kcal-Option-2.pdf
75,1600,Vegetarian,3,1587,79,73,075g-Protein/75g-Protein-Vegetarian-1600-kcal-Option-3.pdf
75,1600,Vegetarian,4,1594,77,73,075g-Protein/75g-Protein-Vegetarian-1600-kcal-Option-4.pdf
75,1600,Vegetarian,5,1611,78,73,075g-Protein/75g-Protein-Vegetarian-1600-kcal-Option-5.pdf
75,1600,Vegan,1,1615,76,74,075g-Protein/75g-Protein-Vegan-1600-kcal-Option-1.pdf
75,1600,Vegan,2,1602,75,73,075g-Protein/75g-Protein-Vegan-1600-kcal-Option-2.pdf
75,1600,Vegan,3,1605,76,74,075g-Protein/75g-Protein-Vegan-1600-kcal-Option-3.pdf
75,1600,Vegan,4,1587,75,73,075g-Protein/75g-Protein-Vegan-1600-kcal-Option-4.pdf
75,1600,Vegan,5,1603,77,73,075g-Protein/75g-Protein-Vegan-1600-kcal-Option-5.pdf
75,1600,Eggetarian,1,1601,78,73,075g-Protein/75g-Protein-Eggetarian-1600-kcal-Option-1.pdf
75,1600,Eggetarian,2,1603,79,73,075g-Protein/75g-Protein-Eggetarian-1600-kcal-Option-2.pdf
75,1600,Eggetarian,3,1592,76,74,075g-Protein/75g-Protein-Eggetarian-1600-kcal-Option-3.pdf
75,1600,Eggetarian,4,1589,78,74,075g-Protein/75g-Protein-Eggetarian-1600-kcal-Option-4.pdf
75,1600,Eggetarian,5,1597,80,73,075g-Protein/75g-Protein-Eggetarian-1600-kcal-Option-5.pdf
75,1600,Non-Vegetarian,1,1602,81,75,075g-Protein/75g-Protein-Non-Vegetarian-1600-kcal-Option-1.pdf
75,1600,Non-Vegetarian,2,1597,80,73,075g-Protein/75g-Protein-Non-Vegetarian-1600-kcal-Option-2.pdf
75,1600,Non-Vegetarian,3,1596,81,75,075g-Protein/75g-Protein-Non-Vegetarian-1600-kcal-Option-3.pdf
75,1600,Non-Vegetarian,4,1598,78,74,075g-Protein/75g-Protein-Non-Vegetarian-1600-kcal-Option-4.pdf
75,1600,Non-Vegetarian,5,1613,80,78,075g-Protein/75g-Protein-Non-Vegetarian-1600-kcal-Option-5.pdf
80,1650,Vegetarian,1,1653,82,78,080g-Protein/80g-Protein-Vegetarian-1650-kcal-Option-1.pdf
80,1650,Vegetarian,2,1653,80,78,080g-Protein/80g-Protein-Vegetarian-1650-kcal-Option-2.pdf
80,1650,Vegetarian,3,1635,80,78,080g-Protein/80g-Protein-Vegetarian-1650-kcal-Option-3.pdf
80,1650,Vegetarian,4,1645,83,78,080g-Protein/80g-Protein-Vegetarian-1650-kcal-Option-4.pdf
80,1650,Vegetarian,5,1651,82,78,080g-Protein/80g-Protein-Vegetarian-1650-kcal-Option-5.pdf
80,1650,Vegan,1,1650,83,80,080g-Protein/80g-Protein-Vegan-1650-kcal-Option-1.pdf
80,1650,Vegan,2,1653,82,79,080g-Protein/80g-Protein-Vegan-1650-kcal-Option-2.pdf
80,1650,Vegan,3,1647,80,78,080g-Protein/80g-Protein-Vegan-1650-kcal-Option-3.pdf
80,1650,Vegan,4,1660,82,78,080g-Protein/80g-Protein-Vegan-1650-kcal-Option-4.pdf
80,1650,Vegan,5,1662,80,78,080g-Protein/80g-Protein-Vegan-1650-kcal-Option-5.pdf
80,1650,Eggetarian,1,1657,84,78,080g-Protein/80g-Protein-Eggetarian-1650-kcal-Option-1.pdf
80,1650,Eggetarian,2,1653,85,80,080g-Protein/80g-Protein-Eggetarian-1650-kcal-Option-2.pdf
80,1650,Eggetarian,3,1662,85,81,080g-Protein/80g-Protein-Eggetarian-1650-kcal-Option-3.pdf
80,1650,Eggetarian,4,1657,84,79,080g-Protein/80g-Protein-Eggetarian-1650-kcal-Option-4.pdf
80,1650,Eggetarian,5,1658,84,82,080g-Protein/80g-Protein-Eggetarian-1650-kcal-Option-5.pdf
80,1650,Non-Vegetarian,1,1642,86,81,080g-Protein/80g-Protein-Non-Vegetarian-1650-kcal-Option-1.pdf
80,1650,Non-Vegetarian,2,1655,85,81,080g-Protein/80g-Protein-Non-Vegetarian-1650-kcal-Option-2.pdf
80,1650,Non-Vegetarian,3,1649,84,81,080g-Protein/80g-Protein-Non-Vegetarian-1650-kcal-Option-3.pdf
80,1650,Non-Vegetarian,4,1642,85,81,080g-Protein/80g-Protein-Non-Vegetarian-1650-kcal-Option-4.pdf
80,1650,Non-Vegetarian,5,1646,86,78,080g-Protein/80g-Protein-Non-Vegetarian-1650-kcal-Option-5.pdf
85,1700,Vegetarian,1,1700,87,84,085g-Protein/85g-Protein-Vegetarian-1700-kcal-Option-1.pdf
85,1700,Vegetarian,2,1710,88,84,085g-Protein/85g-Protein-Vegetarian-1700-kcal-Option-2.pdf
85,1700,Vegetarian,3,1694,86,83,085g-Protein/85g-Protein-Vegetarian-1700-kcal-Option-3.pdf
85,1700,Vegetarian,4,1703,88,84,085g-Protein/85g-Protein-Vegetarian-1700-kcal-Option-4.pdf
85,1700,Vegetarian,5,1702,86,83,085g-Protein/85g-Protein-Vegetarian-1700-kcal-Option-5.pdf
85,1700,Vegan,1,1700,87,83,085g-Protein/85g-Protein-Vegan-1700-kcal-Option-1.pdf
85,1700,Vegan,2,1695,84,83,085g-Protein/85g-Protein-Vegan-1700-kcal-Option-2.pdf
85,1700,Vegan,3,1711,85,83,085g-Protein/85g-Protein-Vegan-1700-kcal-Option-3.pdf
85,1700,Vegan,4,1688,85,83,085g-Protein/85g-Protein-Vegan-1700-kcal-Option-4.pdf
85,1700,Vegan,5,1703,85,83,085g-Protein/85g-Protein-Vegan-1700-kcal-Option-5.pdf
85,1700,Eggetarian,1,1687,88,83,085g-Protein/85g-Protein-Eggetarian-1700-kcal-Option-1.pdf
85,1700,Eggetarian,2,1695,88,84,085g-Protein/85g-Protein-Eggetarian-1700-kcal-Option-2.pdf
85,1700,Eggetarian,3,1688,87,83,085g-Protein/85g-Protein-Eggetarian-1700-kcal-Option-3.pdf
85,1700,Eggetarian,4,1701,86,83,085g-Protein/85g-Protein-Eggetarian-1700-kcal-Option-4.pdf
85,1700,Eggetarian,5,1701,86,83,085g-Protein/85g-Protein-Eggetarian-1700-kcal-Option-5.pdf
85,1700,Non-Vegetarian,1,1688,89,85,085g-Protein/85g-Protein-Non-Vegetarian-1700-kcal-Option-1.pdf
85,1700,Non-Vegetarian,2,1703,89,83,085g-Protein/85g-Protein-Non-Vegetarian-1700-kcal-Option-2.pdf
85,1700,Non-Vegetarian,3,1705,93,83,085g-Protein/85g-Protein-Non-Vegetarian-1700-kcal-Option-3.pdf
85,1700,Non-Vegetarian,4,1690,89,86,085g-Protein/85g-Protein-Non-Vegetarian-1700-kcal-Option-4.pdf
85,1700,Non-Vegetarian,5,1692,91,87,085g-Protein/85g-Protein-Non-Vegetarian-1700-kcal-Option-5.pdf
90,1800,Vegetarian,1,1803,92,90,090g-Protein/90g-Protein-Vegetarian-1800-kcal-Option-1.pdf
90,1800,Vegetarian,2,1805,94,91,090g-Protein/90g-Protein-Vegetarian-1800-kcal-Option-2.pdf
90,1800,Vegetarian,3,1810,93,87,090g-Protein/90g-Protein-Vegetarian-1800-kcal-Option-3.pdf
90,1800,Vegetarian,4,1796,92,88,090g-Protein/90g-Protein-Vegetarian-1800-kcal-Option-4.pdf
90,1800,Vegetarian,5,1785,93,88,090g-Protein/90g-Protein-Vegetarian-1800-kcal-Option-5.pdf
90,1800,Vegan,1,1802,91,89,090g-Protein/90g-Protein-Vegan-1800-kcal-Option-1.pdf
90,1800,Vegan,2,1800,91,88,090g-Protein/90g-Protein-Vegan-1800-kcal-Option-2.pdf
90,1800,Vegan,3,1784,90,88,090g-Protein/90g-Protein-Vegan-1800-kcal-Option-3.pdf
90,1800,Vegan,4,1792,90,88,090g-Protein/90g-Protein-Vegan-1800-kcal-Option-4.pdf
90,1800,Vegan,5,1809,91,88,090g-Protein/90g-Protein-Vegan-1800-kcal-Option-5.pdf
90,1800,Eggetarian,1,1803,92,89,090g-Protein/90g-Protein-Eggetarian-1800-kcal-Option-1.pdf
90,1800,Eggetarian,2,1801,92,88,090g-Protein/90g-Protein-Eggetarian-1800-kcal-Option-2.pdf
90,1800,Eggetarian,3,1806,92,89,090g-Protein/90g-Protein-Eggetarian-1800-kcal-Option-3.pdf
90,1800,Eggetarian,4,1805,93,89,090g-Protein/90g-Protein-Eggetarian-1800-kcal-Option-4.pdf
90,1800,Eggetarian,5,1803,91,89,090g-Protein/90g-Protein-Eggetarian-1800-kcal-Option-5.pdf
90,1800,Non-Vegetarian,1,1801,94,89,090g-Protein/90g-Protein-Non-Vegetarian-1800-kcal-Option-1.pdf
90,1800,Non-Vegetarian,2,1776,93,88,090g-Protein/90g-Protein-Non-Vegetarian-1800-kcal-Option-2.pdf
90,1800,Non-Vegetarian,3,1807,96,91,090g-Protein/90g-Protein-Non-Vegetarian-1800-kcal-Option-3.pdf
90,1800,Non-Vegetarian,4,1807,95,90,090g-Protein/90g-Protein-Non-Vegetarian-1800-kcal-Option-4.pdf
90,1800,Non-Vegetarian,5,1781,94,90,090g-Protein/90g-Protein-Non-Vegetarian-1800-kcal-Option-5.pdf
95,1850,Vegetarian,1,1836,95,92,095g-Protein/95g-Protein-Vegetarian-1850-kcal-Option-1.pdf
95,1850,Vegetarian,2,1849,100,95,095g-Protein/95g-Protein-Vegetarian-1850-kcal-Option-2.pdf
95,1850,Vegetarian,3,1865,96,94,095g-Protein/95g-Protein-Vegetarian-1850-kcal-Option-3.pdf
95,1850,Vegetarian,4,1850,97,93,095g-Protein/95g-Protein-Vegetarian-1850-kcal-Option-4.pdf
95,1850,Vegetarian,5,1846,97,93,095g-Protein/95g-Protein-Vegetarian-1850-kcal-Option-5.pdf
95,1850,Vegan,1,1850,96,92,095g-Protein/95g-Protein-Vegan-1850-kcal-Option-1.pdf
95,1850,Vegan,2,1857,94,92,095g-Protein/95g-Protein-Vegan-1850-kcal-Option-2.pdf
95,1850,Vegan,3,1858,97,93,095g-Protein/95g-Protein-Vegan-1850-kcal-Option-3.pdf
95,1850,Vegan,4,1850,95,92,095g-Protein/95g-Protein-Vegan-1850-kcal-Option-4.pdf
95,1850,Vegan,5,1852,95,93,095g-Protein/95g-Protein-Vegan-1850-kcal-Option-5.pdf
95,1850,Eggetarian,1,1868,97,92,095g-Protein/95g-Protein-Eggetarian-1850-kcal-Option-1.pdf
95,1850,Eggetarian,2,1825,99,94,095g-Protein/95g-Protein-Eggetarian-1850-kcal-Option-2.pdf
95,1850,Eggetarian,3,1861,98,93,095g-Protein/95g-Protein-Eggetarian-1850-kcal-Option-3.pdf
95,1850,Eggetarian,4,1845,97,93,095g-Protein/95g-Protein-Eggetarian-1850-kcal-Option-4.pdf
95,1850,Eggetarian,5,1838,96,93,095g-Protein/95g-Protein-Eggetarian-1850-kcal-Option-5.pdf
95,1850,Non-Vegetarian,1,1838,98,93,095g-Protein/95g-Protein-Non-Vegetarian-1850-kcal-Option-1.pdf
95,1850,Non-Vegetarian,2,1858,101,98,095g-Protein/95g-Protein-Non-Vegetarian-1850-kcal-Option-2.pdf
95,1850,Non-Vegetarian,3,1840,98,93,095g-Protein/95g-Protein-Non-Vegetarian-1850-kcal-Option-3.pdf
95,1850,Non-Vegetarian,4,1852,98,93,095g-Protein/95g-Protein-Non-Vegetarian-1850-kcal-Option-4.pdf
95,1850,Non-Vegetarian,5,1847,99,94,095g-Protein/95g-Protein-Non-Vegetarian-1850-kcal-Option-5.pdf
100,1900,Vegetarian,1,1903,102,98,100g-Protein/100g-Protein-Vegetarian-1900-kcal-Option-1.pdf
100,1900,Vegetarian,2,1888,102,97,100g-Protein/100g-Protein-Vegetarian-1900-kcal-Option-2.pdf
100,1900,Vegetarian,3,1880,102,99,100g-Protein/100g-Protein-Vegetarian-1900-kcal-Option-3.pdf
100,1900,Vegetarian,4,1883,101,98,100g-Protein/100g-Protein-Vegetarian-1900-kcal-Option-4.pdf
100,1900,Vegetarian,5,1886,103,99,100g-Protein/100g-Protein-Vegetarian-1900-kcal-Option-5.pdf
100,1900,Vegan,1,1894,99,98,100g-Protein/100g-Protein-Vegan-1900-kcal-Option-1.pdf
100,1900,Vegan,2,1893,101,98,100g-Protein/100g-Protein-Vegan-1900-kcal-Option-2.pdf
100,1900,Vegan,3,1919,104,99,100g-Protein/100g-Protein-Vegan-1900-kcal-Option-3.pdf
100,1900,Vegan,4,1900,101,98,100g-Protein/100g-Protein-Vegan-1900-kcal-Option-4.pdf
100,1900,Vegan,5,1897,102,100,100g-Protein/100g-Protein-Vegan-1900-kcal-Option-5.pdf
100,1900,Eggetarian,1,1890,102,97,100g-Protein/100g-Protein-Eggetarian-1900-kcal-Option-1.pdf
100,1900,Eggetarian,2,1903,103,98,100g-Protein/100g-Protein-Eggetarian-1900-kcal-Option-2.pdf
100,1900,Eggetarian,3,1912,100,98,100g-Protein/100g-Protein-Eggetarian-1900-kcal-Option-3.pdf
100,1900,Eggetarian,4,1888,102,98,100g-Protein/100g-Protein-Eggetarian-1900-kcal-Option-4.pdf
100,1900,Eggetarian,5,1901,101,97,100g-Protein/100g-Protein-Eggetarian-1900-kcal-Option-5.pdf
100,1900,Non-Vegetarian,1,1911,103,97,100g-Protein/100g-Protein-Non-Vegetarian-1900-kcal-Option-1.pdf
100,1900,Non-Vegetarian,2,1888,105,100,100g-Protein/100g-Protein-Non-Vegetarian-1900-kcal-Option-2.pdf
100,1900,Non-Vegetarian,3,1893,102,98,100g-Protein/100g-Protein-Non-Vegetarian-1900-kcal-Option-3.pdf
100,1900,Non-Vegetarian,4,1893,103,98,100g-Protein/100g-Protein-Non-Vegetarian-1900-kcal-Option-4.pdf
100,1900,Non-Vegetarian,5,1883,104,97,100g-Protein/100g-Protein-Non-Vegetarian-1900-kcal-Option-5.pdf
105,1950,Vegetarian,1,1938,107,102,105g-Protein/105g-Protein-Vegetarian-1950-kcal-Option-1.pdf
105,1950,Vegetarian,2,1966,107,102,105g-Protein/105g-Protein-Vegetarian-1950-kcal-Option-2.pdf
105,1950,Vegetarian,3,1939,108,103,105g-Protein/105g-Protein-Vegetarian-1950-kcal-Option-3.pdf
105,1950,Vegetarian,4,1952,107,105,105g-Protein/105g-Protein-Vegetarian-1950-kcal-Option-4.pdf
105,1950,Vegetarian,5,1945,108,105,105g-Protein/105g-Protein-Vegetarian-1950-kcal-Option-5.pdf
105,1950,Vegan,1,1954,105,102,105g-Protein/105g-Protein-Vegan-1950-kcal-Option-1.pdf
105,1950,Vegan,2,1949,107,102,105g-Protein/105g-Protein-Vegan-1950-kcal-Option-2.pdf
105,1950,Vegan,3,1957,107,102,105g-Protein/105g-Protein-Vegan-1950-kcal-Option-3.pdf
105,1950,Vegan,4,1963,106,102,105g-Protein/105g-Protein-Vegan-1950-kcal-Option-4.pdf
105,1950,Vegan,5,1950,106,102,105g-Protein/105g-Protein-Vegan-1950-kcal-Option-5.pdf
105,1950,Eggetarian,1,1959,109,107,105g-Protein/105g-Protein-Eggetarian-1950-kcal-Option-1.pdf
105,1950,Eggetarian,2,1943,105,102,105g-Protein/105g-Protein-Eggetarian-1950-kcal-Option-2.pdf
105,1950,Eggetarian,3,1937,107,103,105g-Protein/105g-Protein-Eggetarian-1950-kcal-Option-3.pdf
105,1950,Eggetarian,4,1952,107,103,105g-Protein/105g-Protein-Eggetarian-1950-kcal-Option-4.pdf
105,1950,Eggetarian,5,1960,109,102,105g-Protein/105g-Protein-Eggetarian-1950-kcal-Option-5.pdf
105,1950,Non-Vegetarian,1,1955,107,102,105g-Protein/105g-Protein-Non-Vegetarian-1950-kcal-Option-1.pdf
105,1950,Non-Vegetarian,2,1949,110,102,105g-Protein/105g-Protein-Non-Vegetarian-1950-kcal-Option-2.pdf
105,1950,Non-Vegetarian,3,1944,109,104,105g-Protein/105g-Protein-Non-Vegetarian-1950-kcal-Option-3.pdf
105,1950,Non-Vegetarian,4,1948,109,106,105g-Protein/105g-Protein-Non-Vegetarian-1950-kcal-Option-4.pdf
105,1950,Non-Vegetarian,5,1947,111,108,105g-Protein/105g-Protein-Non-Vegetarian-1950-kcal-Option-5.pdf
110,2050,Vegetarian,1,2056,110,107,110g-Protein/110g-Protein-Vegetarian-2050-kcal-Option-1.pdf
110,2050,Vegetarian,2,2029,112,107,110g-Protein/110g-Protein-Vegetarian-2050-kcal-Option-2.pdf
110,2050,Vegetarian,3,2039,113,107,110g-Protein/110g-Protein-Vegetarian-2050-kcal-Option-3.pdf
110,2050,Vegetarian,4,2052,113,108,110g-Protein/110g-Protein-Vegetarian-2050-kcal-Option-4.pdf
110,2050,Vegetarian,5,2056,112,107,110g-Protein/110g-Protein-Vegetarian-2050-kcal-Option-5.pdf
110,2050,Vegan,1,2050,111,107,110g-Protein/110g-Protein-Vegan-2050-kcal-Option-1.pdf
110,2050,Vegan,2,2039,110,107,110g-Protein/110g-Protein-Vegan-2050-kcal-Option-2.pdf
110,2050,Vegan,3,2040,110,108,110g-Protein/110g-Protein-Vegan-2050-kcal-Option-3.pdf
110,2050,Vegan,4,2045,110,107,110g-Protein/110g-Protein-Vegan-2050-kcal-Option-4.pdf
110,2050,Vegan,5,2050,110,108,110g-Protein/110g-Protein-Vegan-2050-kcal-Option-5.pdf
110,2050,Eggetarian,1,2048,112,108,110g-Protein/110g-Protein-Eggetarian-2050-kcal-Option-1.pdf
110,2050,Eggetarian,2,2039,113,108,110g-Protein/110g-Protein-Eggetarian-2050-kcal-Option-2.pdf
110,2050,Eggetarian,3,2059,111,108,110g-Protein/110g-Protein-Eggetarian-2050-kcal-Option-3.pdf
110,2050,Eggetarian,4,2035,111,107,110g-Protein/110g-Protein-Eggetarian-2050-kcal-Option-4.pdf
110,2050,Eggetarian,5,2022,111,109,110g-Protein/110g-Protein-Eggetarian-2050-kcal-Option-5.pdf
110,2050,Non-Vegetarian,1,2041,117,107,110g-Protein/110g-Protein-Non-Vegetarian-2050-kcal-Option-1.pdf
110,2050,Non-Vegetarian,2,2044,115,111,110g-Protein/110g-Protein-Non-Vegetarian-2050-kcal-Option-2.pdf
110,2050,Non-Vegetarian,3,2030,113,109,110g-Protein/110g-Protein-Non-Vegetarian-2050-kcal-Option-3.pdf
110,2050,Non-Vegetarian,4,2041,115,107,110g-Protein/110g-Protein-Non-Vegetarian-2050-kcal-Option-4.pdf
110,2050,Non-Vegetarian,5,2039,114,113,110g-Protein/110g-Protein-Non-Vegetarian-2050-kcal-Option-5.pdf
115,2100,Vegetarian,1,2091,118,113,115g-Protein/115g-Protein-Vegetarian-2100-kcal-Option-1.pdf
115,2100,Vegetarian,2,2102,118,113,115g-Protein/115g-Protein-Vegetarian-2100-kcal-Option-2.pdf
115,2100,Vegetarian,3,2096,119,117,115g-Protein/115g-Protein-Vegetarian-2100-kcal-Option-3.pdf
115,2100,Vegetarian,4,2122,116,112,115g-Protein/115g-Protein-Vegetarian-2100-kcal-Option-4.pdf
115,2100,Vegetarian,5,2097,117,113,115g-Protein/115g-Protein-Vegetarian-2100-kcal-Option-5.pdf
115,2100,Vegan,1,2093,116,112,115g-Protein/115g-Protein-Vegan-2100-kcal-Option-1.pdf
115,2100,Vegan,2,2100,115,112,115g-Protein/115g-Protein-Vegan-2100-kcal-Option-2.pdf
115,2100,Vegan,3,2088,114,112,115g-Protein/115g-Protein-Vegan-2100-kcal-Option-3.pdf
115,2100,Vegan,4,2089,115,112,115g-Protein/115g-Protein-Vegan-2100-kcal-Option-4.pdf
115,2100,Vegan,5,2099,115,113,115g-Protein/115g-Protein-Vegan-2100-kcal-Option-5.pdf
115,2100,Eggetarian,1,2080,115,112,115g-Protein/115g-Protein-Eggetarian-2100-kcal-Option-1.pdf
115,2100,Eggetarian,2,2086,118,113,115g-Protein/115g-Protein-Eggetarian-2100-kcal-Option-2.pdf
115,2100,Eggetarian,3,2113,120,116,115g-Protein/115g-Protein-Eggetarian-2100-kcal-Option-3.pdf
115,2100,Eggetarian,4,2086,116,113,115g-Protein/115g-Protein-Eggetarian-2100-kcal-Option-4.pdf
115,2100,Eggetarian,5,2079,117,112,115g-Protein/115g-Protein-Eggetarian-2100-kcal-Option-5.pdf
115,2100,Non-Vegetarian,1,2109,120,117,115g-Protein/115g-Protein-Non-Vegetarian-2100-kcal-Option-1.pdf
115,2100,Non-Vegetarian,2,2081,118,112,115g-Protein/115g-Protein-Non-Vegetarian-2100-kcal-Option-2.pdf
115,2100,Non-Vegetarian,3,2115,122,115,115g-Protein/115g-Protein-Non-Vegetarian-2100-kcal-Option-3.pdf
115,2100,Non-Vegetarian,4,2091,119,113,115g-Protein/115g-Protein-Non-Vegetarian-2100-kcal-Option-4.pdf
115,2100,Non-Vegetarian,5,2101,117,113,115g-Protein/115g-Protein-Non-Vegetarian-2100-kcal-Option-5.pdf
120,2150,Vegetarian,1,2128,122,118,120g-Protein/120g-Protein-Vegetarian-2150-kcal-Option-1.pdf
120,2150,Vegetarian,2,2129,120,117,120g-Protein/120g-Protein-Vegetarian-2150-kcal-Option-2.pdf
120,2150,Vegetarian,3,2158,121,118,120g-Protein/120g-Protein-Vegetarian-2150-kcal-Option-3.pdf
120,2150,Vegetarian,4,2135,120,117,120g-Protein/120g-Protein-Vegetarian-2150-kcal-Option-4.pdf
120,2150,Vegetarian,5,2140,120,117,120g-Protein/120g-Protein-Vegetarian-2150-kcal-Option-5.pdf
120,2150,Vegan,1,2123,118,117,120g-Protein/120g-Protein-Vegan-2150-kcal-Option-1.pdf
120,2150,Vegan,2,2139,119,117,120g-Protein/120g-Protein-Vegan-2150-kcal-Option-2.pdf
120,2150,Vegan,3,2153,121,118,120g-Protein/120g-Protein-Vegan-2150-kcal-Option-3.pdf
120,2150,Vegan,4,2152,120,118,120g-Protein/120g-Protein-Vegan-2150-kcal-Option-4.pdf
120,2150,Vegan,5,2144,120,117,120g-Protein/120g-Protein-Vegan-2150-kcal-Option-5.pdf
120,2150,Eggetarian,1,2143,124,120,120g-Protein/120g-Protein-Eggetarian-2150-kcal-Option-1.pdf
120,2150,Eggetarian,2,2137,122,118,120g-Protein/120g-Protein-Eggetarian-2150-kcal-Option-2.pdf
120,2150,Eggetarian,3,2147,121,117,120g-Protein/120g-Protein-Eggetarian-2150-kcal-Option-3.pdf
120,2150,Eggetarian,4,2147,121,119,120g-Protein/120g-Protein-Eggetarian-2150-kcal-Option-4.pdf
120,2150,Eggetarian,5,2145,121,118,120g-Protein/120g-Protein-Eggetarian-2150-kcal-Option-5.pdf
120,2150,Non-Vegetarian,1,2125,123,118,120g-Protein/120g-Protein-Non-Vegetarian-2150-kcal-Option-1.pdf
120,2150,Non-Vegetarian,2,2125,122,117,120g-Protein/120g-Protein-Non-Vegetarian-2150-kcal-Option-2.pdf
120,2150,Non-Vegetarian,3,2162,124,121,120g-Protein/120g-Protein-Non-Vegetarian-2150-kcal-Option-3.pdf
120,2150,Non-Vegetarian,4,2137,126,121,120g-Protein/120g-Protein-Non-Vegetarian-2150-kcal-Option-4.pdf
120,2150,Non-Vegetarian,5,2141,123,120,120g-Protein/120g-Protein-Non-Vegetarian-2150-kcal-Option-5.pdf
125,2200,Vegetarian,1,2179,125,122,125g-Protein/125g-Protein-Vegetarian-2200-kcal-Option-1.pdf
125,2200,Vegetarian,2,2199,126,122,125g-Protein/125g-Protein-Vegetarian-2200-kcal-Option-2.pdf
125,2200,Vegetarian,3,2210,127,124,125g-Protein/125g-Protein-Vegetarian-2200-kcal-Option-3.pdf
125,2200,Vegetarian,4,2211,126,122,125g-Protein/125g-Protein-Vegetarian-2200-kcal-Option-4.pdf
125,2200,Vegetarian,5,2180,125,122,125g-Protein/125g-Protein-Vegetarian-2200-kcal-Option-5.pdf
125,2200,Vegan,1,2197,124,122,125g-Protein/125g-Protein-Vegan-2200-kcal-Option-1.pdf
125,2200,Vegan,2,2196,125,121,125g-Protein/125g-Protein-Vegan-2200-kcal-Option-2.pdf
125,2200,Vegan,3,2196,125,121,125g-Protein/125g-Protein-Vegan-2200-kcal-Option-3.pdf
125,2200,Vegan,4,2181,125,123,125g-Protein/125g-Protein-Vegan-2200-kcal-Option-4.pdf
125,2200,Vegan,5,2190,125,122,125g-Protein/125g-Protein-Vegan-2200-kcal-Option-5.pdf
125,2200,Eggetarian,1,2189,128,123,125g-Protein/125g-Protein-Eggetarian-2200-kcal-Option-1.pdf
125,2200,Eggetarian,2,2183,127,123,125g-Protein/125g-Protein-Eggetarian-2200-kcal-Option-2.pdf
125,2200,Eggetarian,3,2182,125,122,125g-Protein/125g-Protein-Eggetarian-2200-kcal-Option-3.pdf
125,2200,Eggetarian,4,2183,126,122,125g-Protein/125g-Protein-Eggetarian-2200-kcal-Option-4.pdf
125,2200,Eggetarian,5,2188,127,123,125g-Protein/125g-Protein-Eggetarian-2200-kcal-Option-5.pdf
125,2200,Non-Vegetarian,1,2208,130,126,125g-Protein/125g-Protein-Non-Vegetarian-2200-kcal-Option-1.pdf
125,2200,Non-Vegetarian,2,2195,130,122,125g-Protein/125g-Protein-Non-Vegetarian-2200-kcal-Option-2.pdf
125,2200,Non-Vegetarian,3,2176,128,122,125g-Protein/125g-Protein-Non-Vegetarian-2200-kcal-Option-3.pdf
125,2200,Non-Vegetarian,4,2168,128,123,125g-Protein/125g-Protein-Non-Vegetarian-2200-kcal-Option-4.pdf
125,2200,Non-Vegetarian,5,2188,129,123,125g-Protein/125g-Protein-Non-Vegetarian-2200-kcal-Option-5.pdf
130,2250,Vegetarian,1,2254,130,127,130g-Protein/130g-Protein-Vegetarian-2250-kcal-Option-1.pdf
130,2250,Vegetarian,2,2238,130,126,130g-Protein/130g-Protein-Vegetarian-2250-kcal-Option-2.pdf
130,2250,Vegetarian,3,2251,129,126,130g-Protein/130g-Protein-Vegetarian-2250-kcal-Option-3.pdf
130,2250,Vegetarian,4,2251,132,127,130g-Protein/130g-Protein-Vegetarian-2250-kcal-Option-4.pdf
130,2250,Vegetarian,5,2223,129,127,130g-Protein/130g-Protein-Vegetarian-2250-kcal-Option-5.pdf
130,2250,Vegan,1,2248,129,126,130g-Protein/130g-Protein-Vegan-2250-kcal-Option-1.pdf
130,2250,Vegan,2,2245,129,126,130g-Protein/130g-Protein-Vegan-2250-kcal-Option-2.pdf
130,2250,Vegan,3,2243,130,126,130g-Protein/130g-Protein-Vegan-2250-kcal-Option-3.pdf
130,2250,Vegan,4,2236,130,127,130g-Protein/130g-Protein-Vegan-2250-kcal-Option-4.pdf
130,2250,Vegan,5,2238,128,126,130g-Protein/130g-Protein-Vegan-2250-kcal-Option-5.pdf
130,2250,Eggetarian,1,2252,129,127,130g-Protein/130g-Protein-Eggetarian-2250-kcal-Option-1.pdf
130,2250,Eggetarian,2,2222,133,129,130g-Protein/130g-Protein-Eggetarian-2250-kcal-Option-2.pdf
130,2250,Eggetarian,3,2240,130,127,130g-Protein/130g-Protein-Eggetarian-2250-kcal-Option-3.pdf
130,2250,Eggetarian,4,2252,131,126,130g-Protein/130g-Protein-Eggetarian-2250-kcal-Option-4.pdf
130,2250,Eggetarian,5,2240,131,128,130g-Protein/130g-Protein-Eggetarian-2250-kcal-Option-5.pdf
130,2250,Non-Vegetarian,1,2259,137,130,130g-Protein/130g-Protein-Non-Vegetarian-2250-kcal-Option-1.pdf
130,2250,Non-Vegetarian,2,2251,136,127,130g-Protein/130g-Protein-Non-Vegetarian-2250-kcal-Option-2.pdf
130,2250,Non-Vegetarian,3,2242,133,126,130g-Protein/130g-Protein-Non-Vegetarian-2250-kcal-Option-3.pdf
130,2250,Non-Vegetarian,4,2265,135,128,130g-Protein/130g-Protein-Non-Vegetarian-2250-kcal-Option-4.pdf
130,2250,Non-Vegetarian,5,2232,132,127,130g-Protein/130g-Protein-Non-Vegetarian-2250-kcal-Option-5.pdf
135,2300,Vegetarian,1,2281,135,133,135g-Protein/135g-Protein-Vegetarian-2300-kcal-Option-1.pdf
135,2300,Vegetarian,2,2296,135,131,135g-Protein/135g-Protein-Vegetarian-2300-kcal-Option-2.pdf
135,2300,Vegetarian,3,2319,136,132,135g-Protein/135g-Protein-Vegetarian-2300-kcal-Option-3.pdf
135,2300,Vegetarian,4,2276,135,132,135g-Protein/135g-Protein-Vegetarian-2300-kcal-Option-4.pdf
135,2300,Vegetarian,5,2287,136,132,135g-Protein/135g-Protein-Vegetarian-2300-kcal-Option-5.pdf
135,2300,Vegan,1,2292,137,134,135g-Protein/135g-Protein-Vegan-2300-kcal-Option-1.pdf
135,2300,Vegan,2,2291,133,133,135g-Protein/135g-Protein-Vegan-2300-kcal-Option-2.pdf
135,2300,Vegan,3,2296,133,131,135g-Protein/135g-Protein-Vegan-2300-kcal-Option-3.pdf
135,2300,Vegan,4,2294,134,132,135g-Protein/135g-Protein-Vegan-2300-kcal-Option-4.pdf
135,2300,Vegan,5,2275,134,132,135g-Protein/135g-Protein-Vegan-2300-kcal-Option-5.pdf
135,2300,Eggetarian,1,2285,137,131,135g-Protein/135g-Protein-Eggetarian-2300-kcal-Option-1.pdf
135,2300,Eggetarian,2,2285,135,131,135g-Protein/135g-Protein-Eggetarian-2300-kcal-Option-2.pdf
135,2300,Eggetarian,3,2280,134,131,135g-Protein/135g-Protein-Eggetarian-2300-kcal-Option-3.pdf
135,2300,Eggetarian,4,2266,136,131,135g-Protein/135g-Protein-Eggetarian-2300-kcal-Option-4.pdf
135,2300,Eggetarian,5,2284,137,133,135g-Protein/135g-Protein-Eggetarian-2300-kcal-Option-5.pdf
135,2300,Non-Vegetarian,1,2274,137,134,135g-Protein/135g-Protein-Non-Vegetarian-2300-kcal-Option-1.pdf
135,2300,Non-Vegetarian,2,2309,140,135,135g-Protein/135g-Protein-Non-Vegetarian-2300-kcal-Option-2.pdf
135,2300,Non-Vegetarian,3,2285,141,132,135g-Protein/135g-Protein-Non-Vegetarian-2300-kcal-Option-3.pdf
135,2300,Non-Vegetarian,4,2271,138,135,135g-Protein/135g-Protein-Non-Vegetarian-2300-kcal-Option-4.pdf
135,2300,Non-Vegetarian,5,2278,139,136,135g-Protein/135g-Protein-Non-Vegetarian-2300-kcal-Option-5.pdf
140,2350,Vegetarian,1,2362,141,137,140g-Protein/140g-Protein-Vegetarian-2350-kcal-Option-1.pdf
140,2350,Vegetarian,2,2325,139,137,140g-Protein/140g-Protein-Vegetarian-2350-kcal-Option-2.pdf
140,2350,Vegetarian,3,2321,141,137,140g-Protein/140g-Protein-Vegetarian-2350-kcal-Option-3.pdf
140,2350,Vegetarian,4,2337,142,137,140g-Protein/140g-Protein-Vegetarian-2350-kcal-Option-4.pdf
140,2350,Vegetarian,5,2335,141,137,140g-Protein/140g-Protein-Vegetarian-2350-kcal-Option-5.pdf
140,2350,Vegan,1,2335,140,137,140g-Protein/140g-Protein-Vegan-2350-kcal-Option-1.pdf
140,2350,Vegan,2,2327,140,137,140g-Protein/140g-Protein-Vegan-2350-kcal-Option-2.pdf
140,2350,Vegan,3,2336,138,137,140g-Protein/140g-Protein-Vegan-2350-kcal-Option-3.pdf
140,2350,Vegan,4,2333,139,136,140g-Protein/140g-Protein-Vegan-2350-kcal-Option-4.pdf
140,2350,Vegan,5,2330,140,137,140g-Protein/140g-Protein-Vegan-2350-kcal-Option-5.pdf
140,2350,Eggetarian,1,2332,139,137,140g-Protein/140g-Protein-Eggetarian-2350-kcal-Option-1.pdf
140,2350,Eggetarian,2,2327,141,137,140g-Protein/140g-Protein-Eggetarian-2350-kcal-Option-2.pdf
140,2350,Eggetarian,3,2341,142,137,140g-Protein/140g-Protein-Eggetarian-2350-kcal-Option-3.pdf
140,2350,Eggetarian,4,2324,141,138,140g-Protein/140g-Protein-Eggetarian-2350-kcal-Option-4.pdf
140,2350,Eggetarian,5,2331,140,136,140g-Protein/140g-Protein-Eggetarian-2350-kcal-Option-5.pdf
140,2350,Non-Vegetarian,1,2335,144,140,140g-Protein/140g-Protein-Non-Vegetarian-2350-kcal-Option-1.pdf
140,2350,Non-Vegetarian,2,2332,144,138,140g-Protein/140g-Protein-Non-Vegetarian-2350-kcal-Option-2.pdf
140,2350,Non-Vegetarian,3,2343,144,141,140g-Protein/140g-Protein-Non-Vegetarian-2350-kcal-Option-3.pdf
140,2350,Non-Vegetarian,4,2344,143,138,140g-Protein/140g-Protein-Non-Vegetarian-2350-kcal-Option-4.pdf
140,2350,Non-Vegetarian,5,2324,145,139,140g-Protein/140g-Protein-Non-Vegetarian-2350-kcal-Option-5.pdf
145,2350,Vegetarian,1,2339,146,142,145g-Protein/145g-Protein-Vegetarian-2350-kcal-Option-1.pdf
145,2350,Vegetarian,2,2329,147,143,145g-Protein/145g-Protein-Vegetarian-2350-kcal-Option-2.pdf
145,2350,Vegetarian,3,2344,145,142,145g-Protein/145g-Protein-Vegetarian-2350-kcal-Option-3.pdf
145,2350,Vegetarian,4,2337,146,142,145g-Protein/145g-Protein-Vegetarian-2350-kcal-Option-4.pdf
145,2350,Vegetarian,5,2355,146,141,145g-Protein/145g-Protein-Vegetarian-2350-kcal-Option-5.pdf
145,2350,Vegan,1,2337,144,141,145g-Protein/145g-Protein-Vegan-2350-kcal-Option-1.pdf
145,2350,Vegan,2,2357,144,141,145g-Protein/145g-Protein-Vegan-2350-kcal-Option-2.pdf
145,2350,Vegan,3,2335,145,142,145g-Protein/145g-Protein-Vegan-2350-kcal-Option-3.pdf
145,2350,Vegan,4,2334,145,141,145g-Protein/145g-Protein-Vegan-2350-kcal-Option-4.pdf
145,2350,Vegan,5,2356,146,142,145g-Protein/145g-Protein-Vegan-2350-kcal-Option-5.pdf
145,2350,Eggetarian,1,2345,146,142,145g-Protein/145g-Protein-Eggetarian-2350-kcal-Option-1.pdf
145,2350,Eggetarian,2,2335,146,142,145g-Protein/145g-Protein-Eggetarian-2350-kcal-Option-2.pdf
145,2350,Eggetarian,3,2355,147,142,145g-Protein/145g-Protein-Eggetarian-2350-kcal-Option-3.pdf
145,2350,Eggetarian,4,2313,145,142,145g-Protein/145g-Protein-Eggetarian-2350-kcal-Option-4.pdf
145,2350,Eggetarian,5,2324,145,141,145g-Protein/145g-Protein-Eggetarian-2350-kcal-Option-5.pdf
145,2350,Non-Vegetarian,1,2330,148,143,145g-Protein/145g-Protein-Non-Vegetarian-2350-kcal-Option-1.pdf
145,2350,Non-Vegetarian,2,2342,150,146,145g-Protein/145g-Protein-Non-Vegetarian-2350-kcal-Option-2.pdf
145,2350,Non-Vegetarian,3,2326,147,143,145g-Protein/145g-Protein-Non-Vegetarian-2350-kcal-Option-3.pdf
145,2350,Non-Vegetarian,4,2338,148,143,145g-Protein/145g-Protein-Non-Vegetarian-2350-kcal-Option-4.pdf
145,2350,Non-Vegetarian,5,2333,148,141,145g-Protein/145g-Protein-Non-Vegetarian-2350-kcal-Option-5.pdf
150,2400,Vegetarian,1,2398,152,148,150g-Protein/150g-Protein-Vegetarian-2400-kcal-Option-1.pdf
150,2400,Vegetarian,2,2379,150,146,150g-Protein/150g-Protein-Vegetarian-2400-kcal-Option-2.pdf
150,2400,Vegetarian,3,2405,152,148,150g-Protein/150g-Protein-Vegetarian-2400-kcal-Option-3.pdf
150,2400,Vegetarian,4,2417,152,147,150g-Protein/150g-Protein-Vegetarian-2400-kcal-Option-4.pdf
150,2400,Vegetarian,5,2404,151,149,150g-Protein/150g-Protein-Vegetarian-2400-kcal-Option-5.pdf
150,2400,Vegan,1,2378,149,146,150g-Protein/150g-Protein-Vegan-2400-kcal-Option-1.pdf
150,2400,Vegan,2,2399,149,146,150g-Protein/150g-Protein-Vegan-2400-kcal-Option-2.pdf
150,2400,Vegan,3,2396,148,146,150g-Protein/150g-Protein-Vegan-2400-kcal-Option-3.pdf
150,2400,Vegan,4,2396,149,146,150g-Protein/150g-Protein-Vegan-2400-kcal-Option-4.pdf
150,2400,Vegan,5,2386,150,146,150g-Protein/150g-Protein-Vegan-2400-kcal-Option-5.pdf
150,2400,Eggetarian,1,2369,152,147,150g-Protein/150g-Protein-Eggetarian-2400-kcal-Option-1.pdf
150,2400,Eggetarian,2,2381,149,146,150g-Protein/150g-Protein-Eggetarian-2400-kcal-Option-2.pdf
150,2400,Eggetarian,3,2388,152,148,150g-Protein/150g-Protein-Eggetarian-2400-kcal-Option-3.pdf
150,2400,Eggetarian,4,2380,152,149,150g-Protein/150g-Protein-Eggetarian-2400-kcal-Option-4.pdf
150,2400,Eggetarian,5,2393,149,147,150g-Protein/150g-Protein-Eggetarian-2400-kcal-Option-5.pdf
150,2400,Non-Vegetarian,1,2393,155,146,150g-Protein/150g-Protein-Non-Vegetarian-2400-kcal-Option-1.pdf
150,2400,Non-Vegetarian,2,2376,154,146,150g-Protein/150g-Protein-Non-Vegetarian-2400-kcal-Option-2.pdf
150,2400,Non-Vegetarian,3,2384,151,146,150g-Protein/150g-Protein-Non-Vegetarian-2400-kcal-Option-3.pdf
150,2400,Non-Vegetarian,4,2395,156,152,150g-Protein/150g-Protein-Non-Vegetarian-2400-kcal-Option-4.pdf
150,2400,Non-Vegetarian,5,2406,153,146,150g-Protein/150g-Protein-Non-Vegetarian-2400-kcal-Option-5.pdf
155,2450,Vegetarian,1,2434,157,155,155g-Protein/155g-Protein-Vegetarian-2450-kcal-Option-1.pdf
155,2450,Vegetarian,2,2428,155,150,155g-Protein/155g-Protein-Vegetarian-2450-kcal-Option-2.pdf
155,2450,Vegetarian,3,2450,157,152,155g-Protein/155g-Protein-Vegetarian-2450-kcal-Option-3.pdf
155,2450,Vegetarian,4,2431,155,152,155g-Protein/155g-Protein-Vegetarian-2450-kcal-Option-4.pdf
155,2450,Vegetarian,5,2438,157,151,155g-Protein/155g-Protein-Vegetarian-2450-kcal-Option-5.pdf
155,2450,Vegan,1,2452,152,151,155g-Protein/155g-Protein-Vegan-2450-kcal-Option-1.pdf
155,2450,Vegan,2,2431,154,151,155g-Protein/155g-Protein-Vegan-2450-kcal-Option-2.pdf
155,2450,Vegan,3,2434,154,151,155g-Protein/155g-Protein-Vegan-2450-kcal-Option-3.pdf
155,2450,Vegan,4,2439,156,153,155g-Protein/155g-Protein-Vegan-2450-kcal-Option-4.pdf
155,2450,Vegan,5,2436,153,151,155g-Protein/155g-Protein-Vegan-2450-kcal-Option-5.pdf
155,2450,Eggetarian,1,2430,154,150,155g-Protein/155g-Protein-Eggetarian-2450-kcal-Option-1.pdf
155,2450,Eggetarian,2,2423,153,151,155g-Protein/155g-Protein-Eggetarian-2450-kcal-Option-2.pdf
155,2450,Eggetarian,3,2424,157,152,155g-Protein/155g-Protein-Eggetarian-2450-kcal-Option-3.pdf
155,2450,Eggetarian,4,2426,156,151,155g-Protein/155g-Protein-Eggetarian-2450-kcal-Option-4.pdf
155,2450,Eggetarian,5,2415,157,153,155g-Protein/155g-Protein-Eggetarian-2450-kcal-Option-5.pdf
155,2450,Non-Vegetarian,1,2433,158,151,155g-Protein/155g-Protein-Non-Vegetarian-2450-kcal-Option-1.pdf
155,2450,Non-Vegetarian,2,2444,160,155,155g-Protein/155g-Protein-Non-Vegetarian-2450-kcal-Option-2.pdf
155,2450,Non-Vegetarian,3,2425,160,155,155g-Protein/155g-Protein-Non-Vegetarian-2450-kcal-Option-3.pdf
155,2450,Non-Vegetarian,4,2417,157,151,155g-Protein/155g-Protein-Non-Vegetarian-2450-kcal-Option-4.pdf
155,2450,Non-Vegetarian,5,2440,157,151,155g-Protein/155g-Protein-Non-Vegetarian-2450-kcal-Option-5.pdf
160,2500,Vegetarian,1,2495,160,157,160g-Protein/160g-Protein-Vegetarian-2500-kcal-Option-1.pdf
160,2500,Vegetarian,2,2476,162,158,160g-Protein/160g-Protein-Vegetarian-2500-kcal-Option-2.pdf
160,2500,Vegetarian,3,2490,162,158,160g-Protein/160g-Protein-Vegetarian-2500-kcal-Option-3.pdf
160,2500,Vegetarian,4,2474,160,157,160g-Protein/160g-Protein-Vegetarian-2500-kcal-Option-4.pdf
160,2500,Vegetarian,5,2476,161,158,160g-Protein/160g-Protein-Vegetarian-2500-kcal-Option-5.pdf
160,2500,Vegan,1,2470,157,156,160g-Protein/160g-Protein-Vegan-2500-kcal-Option-1.pdf
160,2500,Vegan,2,2488,159,156,160g-Protein/160g-Protein-Vegan-2500-kcal-Option-2.pdf
160,2500,Vegan,3,2477,158,155,160g-Protein/160g-Protein-Vegan-2500-kcal-Option-3.pdf
160,2500,Vegan,4,2505,159,156,160g-Protein/160g-Protein-Vegan-2500-kcal-Option-4.pdf
160,2500,Vegan,5,2490,158,156,160g-Protein/160g-Protein-Vegan-2500-kcal-Option-5.pdf
160,2500,Eggetarian,1,2459,161,158,160g-Protein/160g-Protein-Eggetarian-2500-kcal-Option-1.pdf
160,2500,Eggetarian,2,2460,163,158,160g-Protein/160g-Protein-Eggetarian-2500-kcal-Option-2.pdf
160,2500,Eggetarian,3,2464,159,156,160g-Protein/160g-Protein-Eggetarian-2500-kcal-Option-3.pdf
160,2500,Eggetarian,4,2477,160,156,160g-Protein/160g-Protein-Eggetarian-2500-kcal-Option-4.pdf
160,2500,Eggetarian,5,2481,159,155,160g-Protein/160g-Protein-Eggetarian-2500-kcal-Option-5.pdf
160,2500,Non-Vegetarian,1,2474,164,158,160g-Protein/160g-Protein-Non-Vegetarian-2500-kcal-Option-1.pdf
160,2500,Non-Vegetarian,2,2477,161,156,160g-Protein/160g-Protein-Non-Vegetarian-2500-kcal-Option-2.pdf
160,2500,Non-Vegetarian,3,2487,167,156,160g-Protein/160g-Protein-Non-Vegetarian-2500-kcal-Option-3.pdf
160,2500,Non-Vegetarian,4,2495,164,159,160g-Protein/160g-Protein-Non-Vegetarian-2500-kcal-Option-4.pdf
160,2500,Non-Vegetarian,5,2471,159,155,160g-Protein/160g-Protein-Non-Vegetarian-2500-kcal-Option-5.pdf
165,2550,Vegetarian,1,2545,166,163,165g-Protein/165g-Protein-Vegetarian-2550-kcal-Option-1.pdf
165,2550,Vegetarian,2,2539,166,160,165g-Protein/165g-Protein-Vegetarian-2550-kcal-Option-2.pdf
165,2550,Vegetarian,3,2541,163,161,165g-Protein/165g-Protein-Vegetarian-2550-kcal-Option-3.pdf
165,2550,Vegetarian,4,2541,166,161,165g-Protein/165g-Protein-Vegetarian-2550-kcal-Option-4.pdf
165,2550,Vegetarian,5,2551,165,160,165g-Protein/165g-Protein-Vegetarian-2550-kcal-Option-5.pdf
165,2550,Vegan,1,2562,164,161,165g-Protein/165g-Protein-Vegan-2550-kcal-Option-1.pdf
165,2550,Vegan,2,2571,165,162,165g-Protein/165g-Protein-Vegan-2550-kcal-Option-2.pdf
165,2550,Vegan,3,2541,163,161,165g-Protein/165g-Protein-Vegan-2550-kcal-Option-3.pdf
165,2550,Vegan,4,2549,163,160,165g-Protein/165g-Protein-Vegan-2550-kcal-Option-4.pdf
165,2550,Vegan,5,2532,162,161,165g-Protein/165g-Protein-Vegan-2550-kcal-Option-5.pdf
165,2550,Eggetarian,1,2551,163,160,165g-Protein/165g-Protein-Eggetarian-2550-kcal-Option-1.pdf
165,2550,Eggetarian,2,2510,164,161,165g-Protein/165g-Protein-Eggetarian-2550-kcal-Option-2.pdf
165,2550,Eggetarian,3,2528,166,161,165g-Protein/165g-Protein-Eggetarian-2550-kcal-Option-3.pdf
165,2550,Eggetarian,4,2523,165,164,165g-Protein/165g-Protein-Eggetarian-2550-kcal-Option-4.pdf
165,2550,Eggetarian,5,2535,167,163,165g-Protein/165g-Protein-Eggetarian-2550-kcal-Option-5.pdf
165,2550,Non-Vegetarian,1,2535,166,161,165g-Protein/165g-Protein-Non-Vegetarian-2550-kcal-Option-1.pdf
165,2550,Non-Vegetarian,2,2521,170,163,165g-Protein/165g-Protein-Non-Vegetarian-2550-kcal-Option-2.pdf
165,2550,Non-Vegetarian,3,2530,167,160,165g-Protein/165g-Protein-Non-Vegetarian-2550-kcal-Option-3.pdf
165,2550,Non-Vegetarian,4,2515,170,161,165g-Protein/165g-Protein-Non-Vegetarian-2550-kcal-Option-4.pdf
165,2550,Non-Vegetarian,5,2531,170,163,165g-Protein/165g-Protein-Non-Vegetarian-2550-kcal-Option-5.pdf
170,2550,Vegetarian,1,2563,169,165,170g-Protein/170g-Protein-Vegetarian-2550-kcal-Option-1.pdf
170,2550,Vegetarian,2,2514,169,166,170g-Protein/170g-Protein-Vegetarian-2550-kcal-Option-2.pdf
170,2550,Vegetarian,3,2538,167,165,170g-Protein/170g-Protein-Vegetarian-2550-kcal-Option-3.pdf
170,2550,Vegetarian,4,2524,171,168,170g-Protein/170g-Protein-Vegetarian-2550-kcal-Option-4.pdf
170,2550,Vegetarian,5,2536,170,166,170g-Protein/170g-Protein-Vegetarian-2550-kcal-Option-5.pdf
170,2550,Vegan,1,2538,168,166,170g-Protein/170g-Protein-Vegan-2550-kcal-Option-1.pdf
170,2550,Vegan,2,2547,169,166,170g-Protein/170g-Protein-Vegan-2550-kcal-Option-2.pdf
170,2550,Vegan,3,2537,168,165,170g-Protein/170g-Protein-Vegan-2550-kcal-Option-3.pdf
170,2550,Vegan,4,2525,167,165,170g-Protein/170g-Protein-Vegan-2550-kcal-Option-4.pdf
170,2550,Vegan,5,2562,169,165,170g-Protein/170g-Protein-Vegan-2550-kcal-Option-5.pdf
170,2550,Eggetarian,1,2524,169,168,170g-Protein/170g-Protein-Eggetarian-2550-kcal-Option-1.pdf
170,2550,Eggetarian,2,2523,171,168,170g-Protein/170g-Protein-Eggetarian-2550-kcal-Option-2.pdf
170,2550,Eggetarian,3,2541,170,166,170g-Protein/170g-Protein-Eggetarian-2550-kcal-Option-3.pdf
170,2550,Eggetarian,4,2534,168,166,170g-Protein/170g-Protein-Eggetarian-2550-kcal-Option-4.pdf
170,2550,Eggetarian,5,2516,169,165,170g-Protein/170g-Protein-Eggetarian-2550-kcal-Option-5.pdf
170,2550,Non-Vegetarian,1,2544,172,165,170g-Protein/170g-Protein-Non-Vegetarian-2550-kcal-Option-1.pdf
170,2550,Non-Vegetarian,2,2541,174,166,170g-Protein/170g-Protein-Non-Vegetarian-2550-kcal-Option-2.pdf
170,2550,Non-Vegetarian,3,2539,176,170,170g-Protein/170g-Protein-Non-Vegetarian-2550-kcal-Option-3.pdf
170,2550,Non-Vegetarian,4,2518,173,170,170g-Protein/170g-Protein-Non-Vegetarian-2550-kcal-Option-4.pdf
170,2550,Non-Vegetarian,5,2541,172,169,170g-Protein/170g-Protein-Non-Vegetarian-2550-kcal-Option-5.pdf
175,2600,Vegetarian,1,2579,176,170,175g-Protein/175g-Protein-Vegetarian-2600-kcal-Option-1.pdf
175,2600,Vegetarian,2,2590,176,170,175g-Protein/175g-Protein-Vegetarian-2600-kcal-Option-2.pdf
175,2600,Vegetarian,3,2582,174,171,175g-Protein/175g-Protein-Vegetarian-2600-kcal-Option-3.pdf
175,2600,Vegetarian,4,2594,174,170,175g-Protein/175g-Protein-Vegetarian-2600-kcal-Option-4.pdf
175,2600,Vegetarian,5,2572,175,171,175g-Protein/175g-Protein-Vegetarian-2600-kcal-Option-5.pdf
175,2600,Vegan,1,2601,173,170,175g-Protein/175g-Protein-Vegan-2600-kcal-Option-1.pdf
175,2600,Vegan,2,2590,172,170,175g-Protein/175g-Protein-Vegan-2600-kcal-Option-2.pdf
175,2600,Vegan,3,2607,174,170,175g-Protein/175g-Protein-Vegan-2600-kcal-Option-3.pdf
175,2600,Vegan,4,2581,173,170,175g-Protein/175g-Protein-Vegan-2600-kcal-Option-4.pdf
175,2600,Vegan,5,2603,174,171,175g-Protein/175g-Protein-Vegan-2600-kcal-Option-5.pdf
175,2600,Eggetarian,1,2569,176,171,175g-Protein/175g-Protein-Eggetarian-2600-kcal-Option-1.pdf
175,2600,Eggetarian,2,2602,176,170,175g-Protein/175g-Protein-Eggetarian-2600-kcal-Option-2.pdf
175,2600,Eggetarian,3,2561,173,170,175g-Protein/175g-Protein-Eggetarian-2600-kcal-Option-3.pdf
175,2600,Eggetarian,4,2583,175,170,175g-Protein/175g-Protein-Eggetarian-2600-kcal-Option-4.pdf
175,2600,Eggetarian,5,2574,174,170,175g-Protein/175g-Protein-Eggetarian-2600-kcal-Option-5.pdf
175,2600,Non-Vegetarian,1,2581,176,172,175g-Protein/175g-Protein-Non-Vegetarian-2600-kcal-Option-1.pdf
175,2600,Non-Vegetarian,2,2604,175,171,175g-Protein/175g-Protein-Non-Vegetarian-2600-kcal-Option-2.pdf
175,2600,Non-Vegetarian,3,2564,176,171,175g-Protein/175g-Protein-Non-Vegetarian-2600-kcal-Option-3.pdf
175,2600,Non-Vegetarian,4,2568,178,173,175g-Protein/175g-Protein-Non-Vegetarian-2600-kcal-Option-4.pdf
175,2600,Non-Vegetarian,5,2593,178,172,175g-Protein/175g-Protein-Non-Vegetarian-2600-kcal-Option-5.pdf
180,2650,Vegetarian,1,2616,178,176,180g-Protein/180g-Protein-Vegetarian-2650-kcal-Option-1.pdf
180,2650,Vegetarian,2,2625,181,175,180g-Protein/180g-Protein-Vegetarian-2650-kcal-Option-2.pdf
180,2650,Vegetarian,3,2621,179,176,180g-Protein/180g-Protein-Vegetarian-2650-kcal-Option-3.pdf
180,2650,Vegetarian,4,2636,181,177,180g-Protein/180g-Protein-Vegetarian-2650-kcal-Option-4.pdf
180,2650,Vegetarian,5,2638,178,175,180g-Protein/180g-Protein-Vegetarian-2650-kcal-Option-5.pdf
180,2650,Vegan,1,2633,180,175,180g-Protein/180g-Protein-Vegan-2650-kcal-Option-1.pdf
180,2650,Vegan,2,2648,180,176,180g-Protein/180g-Protein-Vegan-2650-kcal-Option-2.pdf
180,2650,Vegan,3,2628,178,175,180g-Protein/180g-Protein-Vegan-2650-kcal-Option-3.pdf
180,2650,Vegan,4,2641,179,176,180g-Protein/180g-Protein-Vegan-2650-kcal-Option-4.pdf
180,2650,Vegan,5,2638,179,177,180g-Protein/180g-Protein-Vegan-2650-kcal-Option-5.pdf
180,2650,Eggetarian,1,2644,181,177,180g-Protein/180g-Protein-Eggetarian-2650-kcal-Option-1.pdf
180,2650,Eggetarian,2,2618,181,177,180g-Protein/180g-Protein-Eggetarian-2650-kcal-Option-2.pdf
180,2650,Eggetarian,3,2603,179,175,180g-Protein/180g-Protein-Eggetarian-2650-kcal-Option-3.pdf
180,2650,Eggetarian,4,2638,179,176,180g-Protein/180g-Protein-Eggetarian-2650-kcal-Option-4.pdf
180,2650,Eggetarian,5,2640,181,175,180g-Protein/180g-Protein-Eggetarian-2650-kcal-Option-5.pdf
180,2650,Non-Vegetarian,1,2620,184,176,180g-Protein/180g-Protein-Non-Vegetarian-2650-kcal-Option-1.pdf
180,2650,Non-Vegetarian,2,2623,184,175,180g-Protein/180g-Protein-Non-Vegetarian-2650-kcal-Option-2.pdf
180,2650,Non-Vegetarian,3,2610,181,175,180g-Protein/180g-Protein-Non-Vegetarian-2650-kcal-Option-3.pdf
180,2650,Non-Vegetarian,4,2632,182,178,180g-Protein/180g-Protein-Non-Vegetarian-2650-kcal-Option-4.pdf
180,2650,Non-Vegetarian,5,2632,183,178,180g-Protein/180g-Protein-Non-Vegetarian-2650-kcal-Option-5.pdf
185,2700,Vegetarian,1,2694,185,181,185g-Protein/185g-Protein-Vegetarian-2700-kcal-Option-1.pdf
185,2700,Vegetarian,2,2698,184,181,185g-Protein/185g-Protein-Vegetarian-2700-kcal-Option-2.pdf
185,2700,Vegetarian,3,2676,187,182,185g-Protein/185g-Protein-Vegetarian-2700-kcal-Option-3.pdf
185,2700,Vegetarian,4,2679,187,181,185g-Protein/185g-Protein-Vegetarian-2700-kcal-Option-4.pdf
185,2700,Vegetarian,5,2692,183,181,185g-Protein/185g-Protein-Vegetarian-2700-kcal-Option-5.pdf
185,2700,Vegan,1,2687,183,180,185g-Protein/185g-Protein-Vegan-2700-kcal-Option-1.pdf
185,2700,Vegan,2,2729,185,182,185g-Protein/185g-Protein-Vegan-2700-kcal-Option-2.pdf
185,2700,Vegan,3,2690,182,179,185g-Protein/185g-Protein-Vegan-2700-kcal-Option-3.pdf
185,2700,Vegan,4,2681,182,181,185g-Protein/185g-Protein-Vegan-2700-kcal-Option-4.pdf
185,2700,Vegan,5,2682,185,181,185g-Protein/185g-Protein-Vegan-2700-kcal-Option-5.pdf
185,2700,Eggetarian,1,2684,185,181,185g-Protein/185g-Protein-Eggetarian-2700-kcal-Option-1.pdf
185,2700,Eggetarian,2,2681,184,180,185g-Protein/185g-Protein-Eggetarian-2700-kcal-Option-2.pdf
185,2700,Eggetarian,3,2671,184,180,185g-Protein/185g-Protein-Eggetarian-2700-kcal-Option-3.pdf
185,2700,Eggetarian,4,2670,184,181,185g-Protein/185g-Protein-Eggetarian-2700-kcal-Option-4.pdf
185,2700,Eggetarian,5,2676,186,182,185g-Protein/185g-Protein-Eggetarian-2700-kcal-Option-5.pdf
185,2700,Non-Vegetarian,1,2684,185,181,185g-Protein/185g-Protein-Non-Vegetarian-2700-kcal-Option-1.pdf
185,2700,Non-Vegetarian,2,2681,186,180,185g-Protein/185g-Protein-Non-Vegetarian-2700-kcal-Option-2.pdf
185,2700,Non-Vegetarian,3,2675,186,180,185g-Protein/185g-Protein-Non-Vegetarian-2700-kcal-Option-3.pdf
185,2700,Non-Vegetarian,4,2660,189,181,185g-Protein/185g-Protein-Non-Vegetarian-2700-kcal-Option-4.pdf
185,2700,Non-Vegetarian,5,2675,186,182,185g-Protein/185g-Protein-Non-Vegetarian-2700-kcal-Option-5.pdf
190,2700,Vegetarian,1,2689,188,185,190g-Protein/190g-Protein-Vegetarian-2700-kcal-Option-1.pdf
190,2700,Vegetarian,2,2669,189,184,190g-Protein/190g-Protein-Vegetarian-2700-kcal-Option-2.pdf
190,2700,Vegetarian,3,2692,190,185,190g-Protein/190g-Protein-Vegetarian-2700-kcal-Option-3.pdf
190,2700,Vegetarian,4,2679,188,185,190g-Protein/190g-Protein-Vegetarian-2700-kcal-Option-4.pdf
190,2700,Vegetarian,5,2688,189,184,190g-Protein/190g-Protein-Vegetarian-2700-kcal-Option-5.pdf
190,2700,Vegan,1,2686,189,185,190g-Protein/190g-Protein-Vegan-2700-kcal-Option-1.pdf
190,2700,Vegan,2,2702,186,185,190g-Protein/190g-Protein-Vegan-2700-kcal-Option-2.pdf
190,2700,Vegan,3,2708,191,187,190g-Protein/190g-Protein-Vegan-2700-kcal-Option-3.pdf
190,2700,Vegan,4,2702,189,185,190g-Protein/190g-Protein-Vegan-2700-kcal-Option-4.pdf
190,2700,Vegan,5,2714,188,185,190g-Protein/190g-Protein-Vegan-2700-kcal-Option-5.pdf
190,2700,Eggetarian,1,2667,189,185,190g-Protein/190g-Protein-Eggetarian-2700-kcal-Option-1.pdf
190,2700,Eggetarian,2,2683,190,184,190g-Protein/190g-Protein-Eggetarian-2700-kcal-Option-2.pdf
190,2700,Eggetarian,3,2683,187,185,190g-Protein/190g-Protein-Eggetarian-2700-kcal-Option-3.pdf
190,2700,Eggetarian,4,2700,190,186,190g-Protein/190g-Protein-Eggetarian-2700-kcal-Option-4.pdf
190,2700,Eggetarian,5,2666,189,185,190g-Protein/190g-Protein-Eggetarian-2700-kcal-Option-5.pdf
190,2700,Non-Vegetarian,1,2667,192,187,190g-Protein/190g-Protein-Non-Vegetarian-2700-kcal-Option-1.pdf
190,2700,Non-Vegetarian,2,2674,191,184,190g-Protein/190g-Protein-Non-Vegetarian-2700-kcal-Option-2.pdf
190,2700,Non-Vegetarian,3,2687,194,189,190g-Protein/190g-Protein-Non-Vegetarian-2700-kcal-Option-3.pdf
190,2700,Non-Vegetarian,4,2671,191,185,190g-Protein/190g-Protein-Non-Vegetarian-2700-kcal-Option-4.pdf
190,2700,Non-Vegetarian,5,2671,192,185,190g-Protein/190g-Protein-Non-Vegetarian-2700-kcal-Option-5.pdf
